Method,Accuracy,Precision,Recall,F1 Score,F2 Score,Specificity (avg)
Hard_voting,0.8870151770657673,0.8893273600753802,0.8870151770657673,0.8867164586822374,0.8874766513274955,0.8904226142178491
Soft_voting,0.8920741989881956,0.89423200622294,0.8920741989881956,0.8919003524168595,0.8925049269368684,0.8898511343974782
Sequential_Bayesian,0.8870151770657673,0.8896046503978076,0.8870151770657673,0.886712903903732,0.8875318650338018,0.8879667031604987
